Adjusted Hansen j stat,degrees of freedom,p value
0.9999999999999978,1,0.3173105078629145
