,Theta1,Std.Error_theta1
0,3.007141364382278,0.7051637421068996
1,-151.44335039139878,5.4481753761001395
2,-26.509583935081537,4.498722051740803
3,-31.32377286531755,5.884828859007628
