,Theta2,Std.Error_theta2
0,0.5633683220742757,0.0005677368606058031
1,0.04649266671667225,0.17058207405718182
2,0.3112628217897047,0.00030412266885549767
3,0.9907336737157723,0.17569812341957014
