,Theta2,Std.Error_theta2
0,-0.8784374999999998,9.890733894179856
1,0.5843750000000003,0.03737949673869227
