,Theta2,Std.Error_theta2
0,-0.5315643310546871,0.30867501365844835
1,0.45168304443359364,0.027548511875222476
