,Theta2,Std.Error_theta2
0,-0.5125183105468749,7.077185519226373
1,0.5061981201171875,0.08598879276135697
