,Theta1,Std.Error_theta1
0,-2.6116383300963406,0.24319253098659835
1,-60.33992778896999,3.6164153473422127
2,12.311433193259361,5.02496711353508
3,-8.891702222252775,5.629649226837009
