,Theta2,Std.Error_theta2
0,-0.5208004951477053,1.9354195544635717
1,0.48619012832641595,0.11323796451361216
