,Theta1,Std.Error_theta1
0,-3.1421683017173336,0.169044074665647
1,-38.14827992090534,2.5235989292348657
2,13.294169237437927,3.1962777687497708
3,10.519049192776492,2.1595877444073426
