,Theta1,Std.Error_theta1
0,1.6277161004503569,0.6401049076723055
1,-122.28360826522203,5.248202010815009
2,-8.533456541394116,8.114579397038307
3,-24.125840270825847,7.267505003739824
